num_dofs,filling_errors,pressure_errors,boundary_errors
177,0.365295662143733,0.0648201391941521,0.0545832530796871
665,0.295681496520884,0.040850680434266,0.0215999159331207
2577,0,0,0
10145,0,0,0
