num_dofs,filling_errors,pressure_errors,boundary_errors
177,0.863470433785627,0.126382814484272,0.106017716432992
665,0.870431850347912,0.0834865321817079,0.0419098338280922
2577,0,0,0
10145,0,0,0
