num_dofs,run_time,memory_used
177,27.0884229,0.470469
665,94.6291857,1.847105
2577,468.5262362,7.322105
10145,3449.6849752,29.148425
