num_dofs,run_time,memory_used
177,0.9835624,0
665,6.9667657,49266688
2577,0,0
10145,0,0
