num_dofs,filling_errors,pressure_errors,boundary_errors
177,0.0125599049248603,0.00148798666460723,0.0184709436033441
665,0.00656233312497372,0.00141211871150416,0.00934026352566005
2577,0.0028396362492677,0.000495197200709175,0.00477233473244266
10145,0.000766142906977499,0.000256993757427751,0.00279394254102779
