num_dofs,run_time,memory_used
177,0.6238777,0.484475
665,4.270359,1.848453
2577,59.1522016,7.322105
10145,943.1369333,29.148425
